radius_pixels,response,n_topology_preserved,n_topology_changed,n_volumes_topology_preserved,n_volumes_topology_changed,median_topology_preserved,median_topology_changed,median_difference_changed_minus_preserved,cluster_bootstrap_ci_lower,cluster_bootstrap_ci_upper,ci_level,bootstrap_replicates_requested,bootstrap_replicates_valid
-4,composite_mae_global,4569,15313,331,369,1.5552099284832366e-05,1.954784420377109e-05,3.995744918938723e-06,3.08846340431046e-06,4.995971812604693e-06,0.95,10000,10000
-4,composite_mae_original_boundary,4569,15313,331,369,0.0004157408839091,0.0004369420348666,2.1201150957500016e-05,9.460105866286208e-06,3.260274825148373e-05,0.95,10000,10000
-4,composite_mae_changed_region,4569,15313,331,369,0.000892648124136,0.0009185950621031,2.594693796710004e-05,3.950553946228689e-06,4.398263845362998e-05,0.95,10000,10000
-4,composite_abs_response_near_change_fraction,4569,15313,331,369,0.9063106242478804,0.9210275330399476,0.014716908792067107,0.005325078315899702,0.02480786611442256,0.95,10000,10000
-2,composite_mae_global,5321,14620,337,369,1.0781925993796904e-05,1.3976941318105673e-05,3.1950153243087698e-06,2.596571971480442e-06,3.8148628163980906e-06,0.95,10000,10000
-2,composite_mae_original_boundary,5321,14620,337,369,0.0004151186149101,0.00043871982779814997,2.3601212888049955e-05,1.2292011160721204e-05,3.4299894832708736e-05,0.95,10000,10000
-2,composite_mae_changed_region,5321,14620,337,369,0.0008418851648457,0.0008822557865642,4.03706217185e-05,1.985300259548248e-05,6.080991443016631e-05,0.95,10000,10000
-2,composite_abs_response_near_change_fraction,5321,14620,337,369,0.8624383529274153,0.8784063798318038,0.015968026904388477,0.005135492567248864,0.026846562378523522,0.95,10000,10000
-1,composite_mae_global,6512,13429,350,369,8.16471538200858e-06,1.0769030268420464e-05,2.604314886411883e-06,2.1652910959346647e-06,3.047310815418312e-06,0.95,10000,10000
-1,composite_mae_original_boundary,6512,13429,350,369,0.00041417271131645,0.0004418659082148,2.7693196898350022e-05,1.7301308616843794e-05,3.884289944838379e-05,0.95,10000,10000
-1,composite_mae_changed_region,6512,13429,350,369,0.0008414928161073,0.0008971028146333,5.560999852600003e-05,3.540350371624375e-05,7.795842902857623e-05,0.95,10000,10000
-1,composite_abs_response_near_change_fraction,6512,13429,350,369,0.8515021604519513,0.8630918905503805,0.01158973009842923,0.0024240279641120554,0.02222506909602921,0.95,10000,10000
1,composite_mae_global,5955,13986,343,369,1.0363568435423076e-05,1.5584693755954504e-05,5.221125320531428e-06,4.472775003705465e-06,6.038008143605109e-06,0.95,10000,10000
1,composite_mae_original_boundary,5955,13986,343,369,0.0008991183713078,0.0010963058448396,0.00019718747353180007,0.00014351021382026752,0.0002474699045705836,0.95,10000,10000
1,composite_mae_changed_region,5955,13986,343,369,0.0011052214540541,0.00138908874941985,0.00028386729536575,0.00019375100528127502,0.00037033831904409003,0.95,10000,10000
1,composite_abs_response_near_change_fraction,5955,13986,343,369,0.8618398113865414,0.872021672138851,0.010181860752309535,0.0008274357919026506,0.02065055434306301,0.95,10000,10000
2,composite_mae_global,5045,14896,339,369,1.8215338059235364e-05,2.815424977598013e-05,9.938911716744766e-06,8.071321030911352e-06,1.1666257341858e-05,0.95,10000,10000
2,composite_mae_original_boundary,5045,14896,339,369,0.0009842398576438,0.0011608914355747,0.00017665157793090008,0.00011179831053597756,0.00024285314939331634,0.95,10000,10000
2,composite_mae_changed_region,5045,14896,339,369,0.001616895198822,0.0019606088753789,0.00034371367655689996,0.00017512907943452368,0.0005002125311875177,0.95,10000,10000
2,composite_abs_response_near_change_fraction,5045,14896,339,369,0.8623183991865266,0.8715325964216613,0.009214197235134614,-0.0024380652923937443,0.02071807681710871,0.95,10000,10000
4,composite_mae_global,4730,15211,328,369,4.508809433900751e-05,6.678428326267749e-05,2.169618892366998e-05,1.7406069900971488e-05,2.5689719404908828e-05,0.95,10000,10000
4,composite_mae_original_boundary,4730,15211,328,369,0.0011463112314231,0.0013355031842365,0.00018919195281340002,0.00010886623495020987,0.00027003898139815757,0.95,10000,10000
4,composite_mae_changed_region,4730,15211,328,369,0.00255017948802555,0.0029261452145874,0.00037596572656185,0.00013466914824673755,0.0005795628851046439,0.95,10000,10000
4,composite_abs_response_near_change_fraction,4730,15211,328,369,0.8722819780146311,0.8838674386870173,0.011585460672386194,0.0010199224252275298,0.023077972813890915,0.95,10000,10000
