predictor,response,n_slices,n_volumes,spearman_rho,cluster_bootstrap_ci_lower,cluster_bootstrap_ci_upper,bootstrap_replicates_requested,bootstrap_replicates_valid
mask_pixels,pred_excess_jump_signed,19941,369,-0.34620500476162863,-0.3944405317723185,-0.29695198084985186,10000,10000
mask_pixels,composite_excess_jump_signed,19941,369,0.2508354667821998,0.2029113854912054,0.29656517821123735,10000,10000
mask_pixels,pred_excess_boundary_gradient,19941,369,-0.23849044136470812,-0.29098995072729134,-0.1846200749916725,10000,10000
mask_pixels,composite_excess_boundary_gradient,19941,369,0.3037564671680427,0.25274505818833654,0.35451067468255937,10000,10000
perimeter_area_ratio,pred_excess_jump_signed,19941,369,0.38883595363267004,0.34055530619498997,0.43642885960718797,10000,10000
perimeter_area_ratio,composite_excess_jump_signed,19941,369,-0.32122445660372395,-0.36786895650718876,-0.27207589079351985,10000,10000
perimeter_area_ratio,pred_excess_boundary_gradient,19941,369,0.3090974493617911,0.2561356200671711,0.36038767608279637,10000,10000
perimeter_area_ratio,composite_excess_boundary_gradient,19941,369,-0.3443274057964829,-0.393924532360187,-0.292443460200806,10000,10000
compactness,pred_excess_jump_signed,19941,369,-0.21970276028785002,-0.2785806913361543,-0.15989526328451323,10000,10000
compactness,composite_excess_jump_signed,19941,369,0.2257284664486264,0.16995914569519333,0.2787565971528913,10000,10000
compactness,pred_excess_boundary_gradient,19941,369,-0.21874320096192051,-0.2777195897223905,-0.1582131656676769,10000,10000
compactness,composite_excess_boundary_gradient,19941,369,0.19351973339549658,0.13503500809633354,0.2507469099843794,10000,10000
beta_0,pred_excess_jump_signed,19941,369,0.09548035373751165,0.04401343541083052,0.1462421476947585,10000,10000
beta_0,composite_excess_jump_signed,19941,369,-0.0996643421256757,-0.14656789690803337,-0.05142656805091669,10000,10000
beta_0,pred_excess_boundary_gradient,19941,369,0.08275112630023292,0.031221487155130085,0.1341817431465331,10000,10000
beta_0,composite_excess_boundary_gradient,19941,369,-0.07853699124338201,-0.13032506012257433,-0.02698021478136831,10000,10000
beta_1,pred_excess_jump_signed,19941,369,-0.03883819181914012,-0.08841812015006416,0.011885004775439178,10000,10000
beta_1,composite_excess_jump_signed,19941,369,-0.03896524747053743,-0.08832401635373767,0.00932472360639927,10000,10000
beta_1,pred_excess_boundary_gradient,19941,369,-0.04273624355667762,-0.09399309009255262,0.007227327991110238,10000,10000
beta_1,composite_excess_boundary_gradient,19941,369,-0.022475430118118287,-0.07071603768225253,0.0253099182933199,10000,10000
max_edt,pred_excess_jump_signed,19941,369,-0.3977943618510573,-0.4429065961807412,-0.35215058098170793,10000,10000
max_edt,composite_excess_jump_signed,19941,369,0.314683030083824,0.2681216454802069,0.361177863775235,10000,10000
max_edt,pred_excess_boundary_gradient,19941,369,-0.3090180688249168,-0.35785287653105186,-0.25971865923461346,10000,10000
max_edt,composite_excess_boundary_gradient,19941,369,0.35407088454247737,0.30358183530664246,0.4025781385619238,10000,10000
h0_positive_finite_count,pred_excess_jump_signed,19941,369,0.03596756433102127,-0.023784202143712775,0.09392577198050253,10000,10000
h0_positive_finite_count,composite_excess_jump_signed,19941,369,-0.09605569732303164,-0.1497794719295694,-0.04245824153206057,10000,10000
h0_positive_finite_count,pred_excess_boundary_gradient,19941,369,0.07339417507937487,0.013793060505327123,0.1306743230627848,10000,10000
h0_positive_finite_count,composite_excess_boundary_gradient,19941,369,-0.04815982193938717,-0.1046661312775428,0.009776473988640634,10000,10000
h0_max_persistence,pred_excess_jump_signed,19941,369,0.1345872446116075,0.08087395955538486,0.18724187346394586,10000,10000
h0_max_persistence,composite_excess_jump_signed,19941,369,-0.15310531834911326,-0.20215386953272835,-0.10459015329670075,10000,10000
h0_max_persistence,pred_excess_boundary_gradient,19941,369,0.15270292655460674,0.0972651862413384,0.2065224051157946,10000,10000
h0_max_persistence,composite_excess_boundary_gradient,19941,369,-0.12286099954726576,-0.1732669671574653,-0.07196209565672407,10000,10000
h0_total_persistence,pred_excess_jump_signed,19941,369,0.11483873624187972,0.054449685016928435,0.17473729171119867,10000,10000
h0_total_persistence,composite_excess_jump_signed,19941,369,-0.15396450200833944,-0.20728812444281666,-0.10000396068396432,10000,10000
h0_total_persistence,pred_excess_boundary_gradient,19941,369,0.13490423034860458,0.07319619615067144,0.19322216085948107,10000,10000
h0_total_persistence,composite_excess_boundary_gradient,19941,369,-0.11390042580223876,-0.17169574730526907,-0.055152068897347965,10000,10000
h1_positive_finite_count,pred_excess_jump_signed,19941,369,-0.03967825739436554,-0.08682995948395922,0.007276120887140292,10000,10000
h1_positive_finite_count,composite_excess_jump_signed,19941,369,-0.03313541850408533,-0.07816747516219617,0.011366111064066563,10000,10000
h1_positive_finite_count,pred_excess_boundary_gradient,19941,369,-0.03720879917700041,-0.08376495477154856,0.009818233216432836,10000,10000
h1_positive_finite_count,composite_excess_boundary_gradient,19941,369,-0.012006603220142471,-0.058002764025235055,0.03408807526566094,10000,10000
h1_max_persistence,pred_excess_jump_signed,19941,369,-0.05015352172474806,-0.093466135231706,-0.007625150649512642,10000,10000
h1_max_persistence,composite_excess_jump_signed,19941,369,-0.025476740858391096,-0.06707837043321015,0.016226483094210306,10000,10000
h1_max_persistence,pred_excess_boundary_gradient,19941,369,-0.0398500262042345,-0.0830969086722407,0.003039373266206129,10000,10000
h1_max_persistence,composite_excess_boundary_gradient,19941,369,0.0004813808018729757,-0.04150962539191337,0.04313040126268434,10000,10000
h1_total_persistence,pred_excess_jump_signed,19941,369,-0.045203467654621646,-0.09168898409160808,0.001142783337632537,10000,10000
h1_total_persistence,composite_excess_jump_signed,19941,369,-0.029839298870473083,-0.07355155261896824,0.014506188149256267,10000,10000
h1_total_persistence,pred_excess_boundary_gradient,19941,369,-0.03863647511828023,-0.08592394354438761,0.0067447751584468725,10000,10000
h1_total_persistence,composite_excess_boundary_gradient,19941,369,-0.005271572130743204,-0.05078887432250525,0.039536264829407246,10000,10000
