predictor,response,n_volumes,spearman_rho
mask_pixels,pred_excess_jump_signed,369,-0.17646161420121464
mask_pixels,composite_excess_jump_signed,369,0.24672585622558824
mask_pixels,pred_excess_boundary_gradient,369,-0.07528404705972479
mask_pixels,composite_excess_boundary_gradient,369,0.3036123543193657
perimeter_area_ratio,pred_excess_jump_signed,369,0.22793580961661555
perimeter_area_ratio,composite_excess_jump_signed,369,-0.3520968521244481
perimeter_area_ratio,pred_excess_boundary_gradient,369,0.15819647855703
perimeter_area_ratio,composite_excess_boundary_gradient,369,-0.3398827777937004
compactness,pred_excess_jump_signed,369,-0.13762216617465822
compactness,composite_excess_jump_signed,369,0.2504616162863504
compactness,pred_excess_boundary_gradient,369,-0.13270327591642544
compactness,composite_excess_boundary_gradient,369,0.17575353720634737
beta_0,pred_excess_jump_signed,369,0.05105769300685141
beta_0,composite_excess_jump_signed,369,-0.10291329825458634
beta_0,pred_excess_boundary_gradient,369,0.04711408017389253
beta_0,composite_excess_boundary_gradient,369,-0.045146956196739176
beta_1,pred_excess_jump_signed,369,0.02390914396465771
beta_1,composite_excess_jump_signed,369,-0.1388220420933814
beta_1,pred_excess_boundary_gradient,369,-0.016500995081753622
beta_1,composite_excess_boundary_gradient,369,-0.09937278759612475
max_edt,pred_excess_jump_signed,369,-0.24387999347819803
max_edt,composite_excess_jump_signed,369,0.3681827354154603
max_edt,pred_excess_boundary_gradient,369,-0.1597506933768809
max_edt,composite_excess_boundary_gradient,369,0.3833923730240974
h0_positive_finite_count,pred_excess_jump_signed,369,0.09366889820362224
h0_positive_finite_count,composite_excess_jump_signed,369,-0.18592203856781672
h0_positive_finite_count,pred_excess_boundary_gradient,369,0.11249814801007008
h0_positive_finite_count,composite_excess_boundary_gradient,369,-0.09517324036439477
h0_max_persistence,pred_excess_jump_signed,369,0.13012499431451288
h0_max_persistence,composite_excess_jump_signed,369,-0.21940450033325803
h0_max_persistence,pred_excess_boundary_gradient,369,0.1430897426426449
h0_max_persistence,composite_excess_boundary_gradient,369,-0.13474205353098567
h0_total_persistence,pred_excess_jump_signed,369,0.1120050060665119
h0_total_persistence,composite_excess_jump_signed,369,-0.21196505115098366
h0_total_persistence,pred_excess_boundary_gradient,369,0.12052797760645055
h0_total_persistence,composite_excess_boundary_gradient,369,-0.1270833930430961
h1_positive_finite_count,pred_excess_jump_signed,369,0.04236855782204564
h1_positive_finite_count,composite_excess_jump_signed,369,-0.09349779389855657
h1_positive_finite_count,pred_excess_boundary_gradient,369,0.00711035416896148
h1_positive_finite_count,composite_excess_boundary_gradient,369,-0.05486705936579849
h1_max_persistence,pred_excess_jump_signed,369,0.03899058750033587
h1_max_persistence,composite_excess_jump_signed,369,-0.0867151526408192
h1_max_persistence,pred_excess_boundary_gradient,369,0.010013182466445163
h1_max_persistence,composite_excess_boundary_gradient,369,-0.04099101913633117
h1_total_persistence,pred_excess_jump_signed,369,0.039753431806699026
h1_total_persistence,composite_excess_jump_signed,369,-0.09315974548127387
h1_total_persistence,pred_excess_boundary_gradient,369,0.006965469770341315
h1_total_persistence,composite_excess_boundary_gradient,369,-0.04974339774601079
