radius_pixels,perturbation,n_slices,beta_0_changed_n,beta_0_changed_fraction,beta_1_changed_n,beta_1_changed_fraction,topology_changed_n,topology_changed_fraction,empty_n,empty_fraction,median_delta_beta_0,median_delta_beta_1
-8,erosion,19941,12840,0.6438995035354295,11197,0.561506444009829,15981,0.8014141718068302,2605,0.13063537435434533,-1.0,-1.0
-7,erosion,19941,12545,0.6291058622937666,11183,0.5608043729000551,15779,0.791284288651522,1560,0.07823078080336994,-1.0,-1.0
-6,erosion,19941,12303,0.6169700616819618,11159,0.5596008224261572,15647,0.784664761045083,898,0.04503284689835013,-1.0,-1.0
-5,erosion,19941,12246,0.614111629306454,11126,0.5579459405245474,15551,0.779850559149491,399,0.020009026628554236,-1.0,-1.0
-4,erosion,19941,12015,0.6025274559951858,11043,0.5537836618023169,15372,0.7708740785316684,59,0.002958728248332581,0.0,-1.0
-3,erosion,19941,11896,0.5965598515621082,10895,0.5463617672132792,15184,0.7614462664861341,7,0.0003510355548869164,0.0,-1.0
-2,erosion,19941,11099,0.5565919462414122,10519,0.5275061431222106,14620,0.7331628303495311,0,0.0,0.0,-1.0
-1,erosion,19941,9814,0.4921518479514568,9671,0.4849806930444812,13429,0.6734366380823429,0,0.0,0.0,0.0
0,original,19941,0,0.0,0,0.0,0,0.0,0,0.0,0.0,0.0
1,dilation,19941,8702,0.4363873426608495,11693,0.5863798204703876,13986,0.701369038664059,0,0.0,0.0,0.0
2,dilation,19941,10159,0.5094528860137405,12263,0.6149641442254651,14896,0.7470036607993581,0,0.0,-1.0,0.0
3,dilation,19941,10903,0.5467629507045785,12056,0.6045835213880949,15191,0.761797302041021,0,0.0,-1.0,0.0
4,dilation,19941,11226,0.5629607341657891,11883,0.5959079283887468,15211,0.7628002607692693,0,0.0,-1.0,0.0
5,dilation,19941,11414,0.5723885462113234,11628,0.5831202046035806,15268,0.7656586931447771,0,0.0,-1.0,-1.0
6,dilation,19941,11494,0.5764003811243167,11490,0.5761997893786671,15292,0.766862243618675,0,0.0,-1.0,-1.0
7,dilation,19941,11547,0.5790582217541748,11444,0.573892984303696,15315,0.7680156461561607,0,0.0,-1.0,-1.0
8,dilation,19941,11602,0.5818163582568577,11389,0.571134847801013,15335,0.769018604884409,0,0.0,-1.0,-1.0
